epoch,train_loss,val_dice,val_iou,val_precision,val_recall,val_f1,val_accuracy,val_hausdorff,lr
1,0.8179087775877152,7.694315505127084e-11,7.694315505127084e-11,2.0553498171104292e-10,3.6124963303253835e-10,1.533188804786844e-13,0.9897553487257524,291.33684609153056,0.0002
2,0.7973947237277853,1.0039953953438536e-10,1.0039953953438536e-10,3.441997091387221e-10,3.6124963303253835e-10,2.552831441628799e-13,0.9907052516937256,297.685019753196,0.0004
3,0.7678585895176592,1.1168836680950064e-10,1.1168836680950064e-10,4.0646396602041853e-10,3.6124963303253835e-10,3.11591112686141e-13,0.9909264824607156,303.16287994384766,0.0006
4,0.703490757394111,2.1024875456478314e-10,2.1024875456478314e-10,1.8747719891672302e-09,3.6124963303253835e-10,1.3418388502083732e-12,0.991855339570479,305.6953152743253,0.0008
5,0.6039192827268579,3.6124963303253835e-10,3.6124963303253835e-10,1.0,3.6124963303253835e-10,7.224985679177287e-10,0.9921102090315386,572.656982421875,0.001
6,0.5235239102922636,0.23282081667848187,0.1447845666094217,0.16002519428907788,0.614975115344145,0.2328205779194893,0.968340895392678,168.7561425295743,0.0009909954834128342
7,0.46619534218448333,0.2575026501880451,0.16436525951458816,0.21002025838594757,0.4609232525699239,0.25750234012958223,0.9808388189835981,160.68634154579857,0.000989193491307027
8,0.4168197373891699,0.29249485608261333,0.19197029075063685,0.3050994967104751,0.3567391062245584,0.29249449074270983,0.988711725581776,154.57323143698952,0.000987391134388305
9,0.39119550465852365,0.3256970049263486,0.21449668955654752,0.2764766240028416,0.512787820492495,0.32569667599588814,0.9852937134829435,160.5712060061368,0.0009855884118426005
10,0.38531129695903293,0.3459120695548365,0.23588333641531747,0.345606894006718,0.4287178616891664,0.34591170980343605,0.9889752214605158,155.5233188975941,0.0009837853228523705
11,0.37524312066620796,0.3115685724452555,0.2091660264255388,0.28809544986494257,0.4428239991978622,0.31156822531062706,0.9864822300997648,149.14537308432838,0.0009819818665965754
12,0.3633258491754532,0.36806924201486885,0.25717382904080927,0.36156996505298766,0.46570062694110637,0.368068892424102,0.9890995459123091,138.40629733692515,0.0009801780422506556
13,0.37214435876786023,0.3608863247509738,0.25070002343102926,0.33580699588791796,0.4912714550489585,0.36088597814723494,0.9877348596399481,147.14716668562457,0.0009783738489865113
14,0.3530933204396018,0.3450691941449249,0.23596242203265635,0.3176416868874874,0.4802458524371607,0.3450688421197241,0.9873105829412286,157.11183322559702,0.000976569285972478
15,0.3596265331424516,0.3626767081208472,0.25267689396542026,0.3959161536857025,0.40134144529586474,0.3626763388853501,0.990467136556452,145.01138279654762,0.0009747643523733044
16,0.3477137251489464,0.3604718783773333,0.25102351212919977,0.3900639609594268,0.40389879883576507,0.3604715204035958,0.9902534268119119,126.72291564941406,0.0009729590473501306
17,0.34678849680670376,0.34276069481357085,0.23412682582462885,0.36344940944282117,0.40253288694289585,0.3427603275261427,0.9898208488117565,141.68365825306284,0.0009711533700604632
18,0.34323375526515915,0.3508587403451606,0.24173817597923183,0.34104409602832164,0.4550849801019645,0.35085838203405306,0.9885488206690008,141.1532176624645,0.0009693473196581535
19,0.3470434174798001,0.3712615927919882,0.2610319874911282,0.37918383222455926,0.45176590087625096,0.3712612448091118,0.9897821816531095,138.79747408086604,0.0009675408952933734
20,0.3477554912197179,0.3623097698172336,0.2512168091012624,0.34181284481698015,0.4860539062716201,0.3623094221746573,0.9883444959467108,137.58933310075238,0.0009657340961125918
21,0.3343044762638794,0.37758048799995475,0.2657848609959111,0.3986998249681193,0.43012705720092675,0.37758011555047627,0.9902816902507435,137.5536256269975,0.0009639269212585509
22,0.3419023563807038,0.3705084797643449,0.25733559742197243,0.40917612371524326,0.4052438776988731,0.37050810242497734,0.9907829761505127,138.83808387409556,0.0009621193698702417
23,0.34544808066439353,0.3477767456741874,0.23854832223742245,0.3777712314180768,0.3937703590296065,0.3477763776106779,0.9902421994642778,149.0241641998291,0.0009603114410828803
24,0.34236906006418427,0.3567533080563752,0.24588295783003858,0.37756043793779637,0.40982459802666765,0.3567529295317407,0.9901038733395663,151.47113366560504,0.0009585031340278833
25,0.3409847375647775,0.36252888648314424,0.2516625376842495,0.4288269062275575,0.37099548113510605,0.3625285019569232,0.9914072210138495,147.03748234835538,0.0009566944478328421
26,0.33455674932605917,0.35896579060584477,0.24946888362734854,0.3917552483805901,0.4079319224074762,0.3589654104699722,0.990445158698342,147.48277161338112,0.0009548853816214997
27,0.32907660014327916,0.38110928207012457,0.2681996918690955,0.41139860245649734,0.4307499564238983,0.3811089072418962,0.9905475919896906,148.60940100929955,0.0009530759345137246
28,0.3280392949437273,0.36234219135646695,0.2527598621028855,0.3200399530249754,0.5347861121583525,0.3623418592932717,0.9867728189988569,144.5510879863392,0.0009512661056254851
29,0.32176670038152017,0.3509115202593557,0.24889627640557466,0.3862889739177401,0.3884026945150845,0.3509111519987887,0.9900184978138317,130.3855118751526,0.0009494558940688246
30,0.3200153953385079,0.3771710176356134,0.26813180468947895,0.4367660872686692,0.3893196299776312,0.3771706393398296,0.9912128448486328,128.47605869986793,0.0009476452989518352
31,0.3307845801457591,0.3763813665190886,0.2673215141920695,0.3978718301807968,0.4251463911883389,0.376380991476444,0.9905240969224409,148.28569290854713,0.000945834319378632
32,0.33092932266065445,0.38108324366699053,0.27125847393364383,0.39332599378095706,0.44336983027137206,0.38108287129912527,0.9901344992897727,141.7195855920965,0.000944022954449327
33,0.324980430390643,0.3400519585689492,0.23372525750232317,0.3506527755005451,0.39683706743218766,0.34005158300254995,0.9895037304271351,152.14977888627485,0.0009422112032600019
34,0.32558060959837903,0.3717571554603012,0.2639173455603208,0.37713122216154377,0.4497293720450725,0.3717567878352227,0.9897053241729736,147.55230123346502,0.0009403990649026824
35,0.3230763033203695,0.3714808361470233,0.2637011578080699,0.3616425000384733,0.460957684704012,0.3714804704273508,0.9892361164093018,149.10682660883123,0.0009385865384653104
36,0.31452663705266753,0.3834181780241322,0.2754033616706642,0.3716846062304551,0.4799562340334471,0.383417812445933,0.9895178838209673,144.32738841663706,0.0009367736230317175
37,0.3098701423612134,0.3754486164944159,0.26699798233959277,0.36286491941091786,0.46767690292839426,0.3754482527805394,0.989133206280795,144.8336875221946,0.0009349603176815974
38,0.3127456965117619,0.3734581997411875,0.2661471559388457,0.3684141920271317,0.4548163994920538,0.3734578306770974,0.9894250522960316,156.93903229453346,0.0009331466214904777
39,0.3102259291657086,0.38964229999407923,0.27903634127453186,0.4076400974385136,0.44198600678534294,0.38964194090594373,0.9908427758650347,139.59303526444867,0.0009313325335296929
40,0.3146575701305236,0.3562902321460648,0.25234203299819824,0.38852589862119397,0.38665387156813646,0.35628986447545263,0.9907751083374023,144.48447600277987,0.0009295180528663554
41,0.31424020787422685,0.37630894679257004,0.26986546442609477,0.37007246996916565,0.4641656112524053,0.37630859931764216,0.9895674315365878,148.8240411931818,0.0009277031785633282
42,0.30902796915207786,0.3852095846759945,0.2775349217764511,0.3497992218987236,0.5254488001033519,0.3852092372835795,0.9881314364346591,148.9767081520774,0.0009258879096791951
43,0.31100623429506674,0.3875019947483464,0.27984490347826196,0.39090029122068076,0.4559269597802506,0.3875016272174101,0.9901135184548118,142.10802060907537,0.0009240722452682321
44,0.3018345845670536,0.39414973592923486,0.2843243525654352,0.3810413285162136,0.487761963070576,0.3941493627525541,0.9897072965448553,147.31693250482732,0.0009222561843803788
45,0.30119293842507505,0.39890932350893565,0.29025871528389796,0.4111524071161929,0.440945606239724,0.3989089676629034,0.9907999038696289,143.58057004755193,0.0009204397260612089
46,0.29654711168045284,0.39521086791666593,0.2868626174614217,0.4093647320913565,0.43624735450466756,0.39521047381279756,0.9908903728831898,136.17899703979492,0.0009186228693518994
47,0.3054962743116521,0.39941111391784373,0.2887588995148334,0.4263529672394509,0.43636734228728763,0.39941072658723353,0.9914075461300936,128.34644178910688,0.0009168056132892021
48,0.3000916780411512,0.39424842808271593,0.28693304213571197,0.37319381390631745,0.4863016346264148,0.39424804784360207,0.989633170041171,145.38495722683993,0.0009149879569054125
49,0.29785495576844817,0.40640504017900164,0.29691908616251755,0.3911012156047162,0.49016454707026225,0.4064046741894815,0.9901449246840044,126.00552411512895,0.0009131698992283396
50,0.30603719100184823,0.4055742642398997,0.2964638138572166,0.43772662374771376,0.4210811925187743,0.4055738877002757,0.9915734854611483,107.86131442676891,0.0009113514392812751
51,0.29859499753206625,0.4021335136965952,0.29437858448314924,0.4108444710835537,0.44689963006216,0.40213313506158027,0.9910066561265425,122.09605901891535,0.0009095325760829623
52,0.2913238548341839,0.39559258262547703,0.28896637772125533,0.37696145161053707,0.4775798304965237,0.39559220542224494,0.9899580045179888,140.16501756147906,0.0009077133086475646
53,0.3023871811128211,0.4010225718385616,0.2915257616893362,0.41264942309530694,0.45060640224503207,0.4010222129433478,0.991033749146895,138.6439118818803,0.0009058936359846345
54,0.2990079500723159,0.39061578596438357,0.28504534528273506,0.4083285520429474,0.4141694856650871,0.3906154280055238,0.9911168922077526,147.01462710987437,0.0009040735570990808
55,0.2814032682057085,0.3983824919911216,0.29361567892992685,0.38934333412214206,0.4544333243198549,0.39838211092868575,0.9905307726426558,131.07629845359108,0.0009022530709911372
56,0.2855676421146283,0.41780315301313614,0.30994829423414755,0.4442010408200803,0.4306691709700489,0.4178027683890618,0.9916328083385121,115.73637104034424,0.0009004321766563289
57,0.2925141856245611,0.4065541883229207,0.2989706202618961,0.43823221508228355,0.41099743546811607,0.40655379394200214,0.9915041056546298,140.33126102794301,0.0008986108730854411
58,0.2847291661918848,0.41105746429749135,0.29885615504259033,0.3735231440575019,0.5224495090254184,0.4110571020918076,0.9893602241169323,139.58787016435102,0.0008967891592644846
59,0.2817715785797985,0.4040316359124852,0.2917668617019035,0.458532934899012,0.3930775344758892,0.40403126319876104,0.991932132027366,144.79222956570712,0.0008949670341746629
60,0.2803030166475252,0.4086003736656158,0.2977359807711263,0.3732594963736449,0.5077852696906292,0.4085999953730166,0.9894577373157848,141.339525569569,0.0008931444967923387
61,0.2919527933686629,0.396937958397727,0.2901217859593285,0.42840993949897066,0.4068002791573573,0.3969375699737833,0.9912443594499067,117.67213422601873,0.0008913215460889999
62,0.2919609937174567,0.4062457341892941,0.2951860604343724,0.37984504803249236,0.4913978626153542,0.40624537280848416,0.9894322698766534,134.33158493041992,0.0008894981810312246
63,0.2920683937511225,0.43024609045196976,0.3149126628185728,0.45774088731495904,0.4515765821313511,0.430245714692111,0.990723804994063,129.69402781399813,0.0008876744005806469
64,0.2740598499089822,0.39107910656915784,0.28836612008634255,0.4123222815959609,0.4034227585933559,0.39107872630388735,0.9912986321882769,119.91639202291316,0.000885850203693922
65,0.2789912539823302,0.42182384190658523,0.3117076241978621,0.3960292113117036,0.5041506746324482,0.42182346365671447,0.9898014502091841,138.39454997669566,0.0008840255893226908
66,0.2738705096744943,0.4278379675927875,0.3171109535674106,0.4124006653180772,0.49279533051101915,0.42783757512968495,0.9905754436146129,141.1897109638561,0.0008822005564135439
67,0.2806707130766463,0.405313099219233,0.29980234080591356,0.3871479379127571,0.48580264223548414,0.40531273124827044,0.989950115030462,140.84015586159447,0.0008803751039079861
68,0.2814576816798627,0.40635518870029413,0.29743940024010995,0.37044234173403107,0.507671704935539,0.40635481747716967,0.9895369573072954,139.82972301136363,0.0008785492307423999
69,0.26374541616987907,0.3955729144581421,0.2924911815332838,0.422436307367431,0.4074811595455285,0.3955725369636776,0.9916511448946866,117.7296951900829,0.0008767229358480086
70,0.26318282711094826,0.4250209274430155,0.31390989769327926,0.39149789785897576,0.5337240589661888,0.42502054724506927,0.9902569597417658,141.34525576504794,0.0008748962181508392
71,0.26745688735411083,0.42911117766078627,0.31680368472086157,0.40081700480355614,0.5157743205957648,0.42911080152478026,0.9898044846274636,140.42377788370305,0.000873069076571686
72,0.2740765893082509,0.42192244911946214,0.3136706529254909,0.4273488282258416,0.44453830982790665,0.4219220515039399,0.9915022199804132,138.64036603407428,0.0008712415100260713
73,0.2759715362355627,0.40999433003979635,0.30826902397950423,0.4284330804774448,0.4172621046320066,0.4099939461210767,0.9917012778195468,134.2374544577165,0.0008694135174242088
74,0.2652605642703758,0.4342056607313245,0.3220467914969028,0.4161285461875944,0.5055997216276004,0.4342052820774013,0.9904708212072199,133.52243358438665,0.0008675850976709641
75,0.2585253042393717,0.4321161924456923,0.32348477308911866,0.4609912544362677,0.4326468012291526,0.4321158378470306,0.9923384189605713,129.38772561333397,0.0008657562496658164
76,0.2627299323506739,0.4300351106559947,0.32273855033916127,0.39380276645915396,0.5116689581087365,0.4300347506121907,0.990560379895297,140.56356568769976,0.0008639269723028191
77,0.2649110273896963,0.4123797163013194,0.3091601191559971,0.4606565223429268,0.38928520994812194,0.4123793640492223,0.9925600398670543,109.60489086671309,0.0008620972644705603
78,0.27419008922645416,0.40729555942561324,0.29898749400754393,0.43087146952862443,0.4164649291477554,0.40729517652659497,0.9919276237487793,141.82048801942304,0.0008602671250521225
79,0.2548293363431404,0.4249798905735393,0.3172121581035393,0.4186343576391169,0.4720056444333373,0.42497952552833707,0.9905006018551913,132.64072366194293,0.000858436552925043
80,0.2618753308023529,0.4285172275975237,0.32165226221298343,0.39133703403018977,0.5214313092414993,0.4285168484322005,0.9896098917180841,133.56028799577192,0.0008566055469612726
81,0.2625625486346497,0.4309286511206237,0.3172965473272583,0.4000892860339633,0.5277442528598424,0.4309282725444286,0.9903091083873402,136.2560187253085,0.0008547741060271343
82,0.2652009733278176,0.42036367092046967,0.31365687561134975,0.42982363591866035,0.4498932638312366,0.4203632899999714,0.9914939403533936,137.08821400729093,0.0008529422289832824
83,0.261155724953646,0.4238042388002093,0.31869983371916155,0.4550474010429591,0.42579256893059564,0.42380384588094683,0.9924895980141379,136.12752350893888,0.0008511099146846599
84,0.24784186782165504,0.4304647761897665,0.3209314231855271,0.4151160280301045,0.4975445726100007,0.43046438269747483,0.9913035522807728,131.82446965304288,0.0008492771619804566
85,0.24681686293119673,0.40680303933764694,0.30441361395969274,0.3997180512340501,0.4519452750732432,0.40680268710610645,0.9913217154416171,120.65134039792147,0.0008474439697140658
86,0.263967828161415,0.42675159921294914,0.3191987113569626,0.4631901897940201,0.41914311819349415,0.4267511894154619,0.9924655610864813,107.29827924208207,0.0008456103367230419
87,0.2610916830171114,0.43771970495467566,0.3270813439908377,0.4371219975004433,0.471048539563761,0.4377193214182276,0.9916678341952238,131.6234910704873,0.0008437762618390562
88,0.24823593228370294,0.4338125975231443,0.3268904554425203,0.39470372439043666,0.5493277040782156,0.4338122358630837,0.9896802685477517,136.8546922857111,0.0008419417438878526
89,0.24071866839096465,0.42066013168625943,0.31527100813657455,0.43034355735223184,0.44309657140782527,0.42065973452890754,0.991823976690119,134.6737164584073,0.000840106781689204
90,0.24466569190737844,0.4206584673924119,0.31417517415818935,0.44876266830485056,0.42184408814603375,0.42065806769434544,0.9923196489160712,111.98569718274203,0.0008382713740568662
91,0.24509802015348411,0.4255665703421039,0.3200838330623527,0.43521897268076604,0.45359455629493917,0.4255662148565085,0.9912527474490079,127.26603577353738,0.0008364355197985339
92,0.25281824077340376,0.4168918925680106,0.3096207773782538,0.3916010279271788,0.5099142642063029,0.41689151762566595,0.9895770766518333,141.14447229558772,0.0008345992177157936
93,0.24420622393660163,0.430398296910924,0.3215317573282292,0.3916043940140978,0.5461335443347548,0.4303979302799174,0.9889022003520619,149.23771598122337,0.000832762466604078
94,0.24939766055208512,0.44746260692900713,0.33691439877884116,0.43073191693534657,0.5074263695506743,0.44746222355491433,0.9909256154840643,134.9920475699685,0.0008309252652526187
95,0.24040810104416704,0.43809644735083425,0.3282253917163112,0.42247288078405787,0.5288542316476067,0.43809609081262446,0.9901635430075906,132.76943726973101,0.0008290876124443998
96,0.2515942727526029,0.43145604821857825,0.32128306313930327,0.4158472921567214,0.4938460939358437,0.43145565180619666,0.9906171451915394,138.94099018790504,0.0008272495069561094
97,0.2478838816456411,0.4096213120050255,0.3000923677118614,0.35235731837895373,0.5728831996851202,0.4096209646562831,0.9882945580915972,149.6089520887895,0.0008254109475580918
98,0.2557203384308979,0.4209268061426172,0.3091242728525222,0.36089390250273023,0.5762795228898381,0.42092645248740046,0.9881427504799583,149.90675249966708,0.0008235719330142989
99,0.23482352546576796,0.43840266521771515,0.3268543289102816,0.43694025046335894,0.48267417472680774,0.43840227684603655,0.9916735562411222,146.46525838158348,0.0008217324620822401
100,0.2500515294143523,0.4386130139879262,0.32533833810931473,0.45354546850989336,0.4518801567929777,0.4386126216903565,0.9921769879081033,153.43614526228473,0.0008198925335129345
101,0.24531611123646813,0.43281288116310324,0.31693721479931936,0.39355476505371567,0.5604077496530901,0.432812496466169,0.9892259294336493,152.69653857838023,0.0008180521460508585
102,0.24358810373078818,0.42982231260530335,0.320751201946977,0.41209781680951924,0.5012207266584572,0.42982193477330227,0.9912648851221258,133.12108265269887,0.0008162112984338965
103,0.24010030659793438,0.43559846511241673,0.3252670867485395,0.4316413539046659,0.4742639503321043,0.43559807492425606,0.991470380262895,134.0047330422835,0.0008143699893932899
104,0.2448419369328981,0.4254327028413007,0.3097886224555127,0.3948857402614191,0.5209007262601517,0.4254322970492384,0.9905504530126398,154.72120666503906,0.0008125282176535839
105,0.24035504571665292,0.4263516310006059,0.31508736168843954,0.416392866727149,0.49827368823165313,0.42635124699553323,0.9904719266024503,152.2809359810569,0.0008106859819325769
106,0.24536969349987206,0.4053571754155692,0.298883846367177,0.3490208533353329,0.566253339899174,0.405356820728324,0.9878302270715887,134.27369187094948,0.0008088432809412661
107,0.2426535820310143,0.43066733160324655,0.32376427822760817,0.397763299843669,0.5220341137785998,0.4306669573363695,0.9903439391743053,125.98448926752263,0.0008070001133837954
108,0.23215577246128827,0.4315260986510863,0.31968805899491265,0.3934740969227505,0.5533359326979898,0.4315257360970374,0.9886235974051736,148.06025106256658,0.0008051564779574008
109,0.24415973531103682,0.43933236522162944,0.32950719104557996,0.4186671108255513,0.5100164457803159,0.43933198516344185,0.9909588857130571,138.97874901511452,0.0008033123733523561
110,0.23356335122009803,0.4266894044521901,0.3168676108500879,0.39997475561314744,0.5176277697850356,0.4266890480014087,0.9900796630165793,151.05765568126333,0.0008014677982519177
111,0.2500237715484082,0.4566707974787247,0.34701202162230255,0.46380052491526574,0.48559682486091127,0.45667042160435406,0.9924289746717974,136.57161712646484,0.0007996227513322692
112,0.23288847625940695,0.4352884561468887,0.3271114671528634,0.43317401890179724,0.49337522502511805,0.43528806231918793,0.9912805557250977,143.4991592060436,0.0007977772312624649
113,0.23773175657823167,0.42883889703950545,0.3191252043769453,0.41636708817899637,0.48931675798025975,0.42883852776143533,0.9906757528131659,137.42675616524437,0.000795931236704373
114,0.23633225750306558,0.4420309822363384,0.3321199602084898,0.4391718688286197,0.5045723548399189,0.4420305981925406,0.990772008895874,137.11782524802467,0.0007940847663126185
115,0.23259340209522467,0.4413880611364233,0.33180366063731076,0.4266530223263144,0.5108974370956202,0.4413876702628176,0.990878625349565,139.0690204446966,0.0007922378187345249
116,0.24448779173966112,0.44629782547814434,0.33568438414262014,0.4437979921878485,0.4885182003490627,0.4462974399899725,0.9913448420437899,139.6517488306219,0.0007903903926100556
117,0.2350057059492188,0.4384598481962399,0.3276227178704359,0.42431955092782087,0.5190989652504577,0.438459470196117,0.9910440878434614,146.3546905517578,0.0007885424865717544
118,0.23897440363278336,0.4428158301426182,0.33240258267720824,0.42857130468209187,0.5211192923597991,0.442815424779176,0.991206169128418,147.98579545454547,0.0007866940992446861
119,0.23265392221938605,0.43832150610264536,0.33430734341937857,0.4661160131589355,0.44125579109330154,0.4383211128774309,0.9927497126839377,121.53809157284823,0.0007848452292463757
120,0.2234576633093001,0.42423484514314835,0.317026091269332,0.4287912712715995,0.46581804996461607,0.4242344600101481,0.9908063628456809,115.87927480177446,0.0007829958751867468
121,0.2321793099586991,0.4227520553759586,0.31904231636217195,0.43696432226927373,0.45315858584841867,0.42275167464030156,0.9920712601054799,143.77321832830256,0.0007811460356680608
122,0.23854877637035546,0.42454155700957935,0.3191615002436646,0.44010741304439394,0.45263425283175723,0.42454117515382284,0.9911675236441873,137.8942715254697,0.000779295709284853
123,0.22587679968825702,0.4531798417738513,0.34300365692420703,0.4515018469059692,0.504780316768859,0.4531794603999536,0.9917197660966353,130.65848688645795,0.0007774448946238706
124,0.23203297781533208,0.4352632969661147,0.3304319245241685,0.41009936660294977,0.5116755889145523,0.4352629070292613,0.9909780675714667,131.48382793773305,0.0007755935902640081
125,0.22126798657165175,0.4273495093163291,0.32540330291409447,0.4319510028629164,0.4648460259000627,0.42734911854901675,0.991673469543457,127.34915039756082,0.000773741794776243
126,0.2216890917598516,0.42439618328466067,0.3139146905541258,0.3730476396859564,0.5661404791929361,0.4243958230257683,0.9891559427434747,136.98251100019976,0.0007718895067235705
127,0.24048839363901095,0.4374883656010335,0.32883726013043796,0.46293527386729516,0.4677734693874077,0.4374879702968443,0.9916576255451549,125.21415883844548,0.0007700367246609375
128,0.23535770374810558,0.4488153160556135,0.33737180775561454,0.4030402323792592,0.5618055387872043,0.4488149453589948,0.9906780286268755,121.85931838642468,0.0007681834471351756
129,0.22141204560282587,0.4500697789619858,0.3371163289974201,0.4159726252845193,0.5560860602425316,0.4500693919200795,0.9906282208182595,139.43687282909048,0.0007663296726849344
130,0.2203933734061389,0.44220066214767595,0.33502323402699224,0.4374168283791644,0.4904538583953287,0.44220027309551857,0.9919179786335338,116.76271672682329,0.0007644753998406124
131,0.22515950994244938,0.45293600017062396,0.34195091535411737,0.43241567871745745,0.5372725114796769,0.4529356170969706,0.9910297610542991,130.50529870119962,0.0007626206271242884
132,0.23368104521570535,0.4337779122441796,0.3294295302311764,0.47083080982976716,0.4461732481837332,0.4337775358317051,0.9926187125119296,129.3021136413921,0.0007607653530496521
133,0.22539334187562438,0.45754808017459414,0.34833510116964295,0.4706904919322721,0.5044588421181377,0.45754769516704213,0.992146600376476,117.61405288089405,0.0007589095761219332
134,0.22098481115596047,0.4480615341643718,0.33851764313341537,0.4115256032282322,0.5575047346495505,0.4480611623095683,0.9897768280722878,139.28635493191805,0.0007570532948378305
135,0.22418037849082345,0.44949665455817606,0.3412258340554128,0.41820549857256617,0.5423854331619217,0.4494962797034908,0.9903404929421165,126.86023816195402,0.0007551965076854392
136,0.22323286576175141,0.448785233472015,0.3382694076988066,0.4746874466957333,0.46677036797894994,0.4487848614332752,0.99286057732322,131.2607565793124,0.0007533392131441786
137,0.23786631466328412,0.44866773865016346,0.3384114656787874,0.4215366408302957,0.5505748421207748,0.4486673526381227,0.9903469735925848,132.07471106269142,0.0007514814096847186
138,0.2201561833592667,0.44359375530091877,0.3347642799172635,0.4342081100489436,0.5357800674286078,0.4435933693629605,0.9903296340595592,145.17404038255864,0.000749623095768904
139,0.21817555218592458,0.45445834878641606,0.34660134688337246,0.4379192168337547,0.5320875656113706,0.4544579643512737,0.9909824241291393,133.1005168611353,0.0007477642698496805
140,0.21334599498017082,0.44776527266861893,0.33934232805799797,0.46359622489185187,0.47044617250363835,0.4477648761054688,0.9920491305264559,118.76672651550986,0.0007459049303710179
141,0.2140005911732542,0.4506015065827246,0.3429074559773475,0.4498673784561161,0.49856271143462405,0.4506011162884745,0.99132962660356,132.80652620575646,0.0007440450757678328
142,0.2271930025569324,0.4437992311276868,0.3424689573218233,0.44759907291188983,0.48068663627662817,0.4437988605773878,0.9923271049152721,130.87319972298363,0.000742184704465911
143,0.2209993896299395,0.4528667837196258,0.34533714396372095,0.4463956404863976,0.5037411539331633,0.45286641403801864,0.9918631423603405,134.61023755507037,0.0007403238148818282
144,0.22047517868294114,0.44971981997228666,0.3408518413797988,0.4424520191996131,0.49833191266261634,0.44971943181013957,0.9916937567970969,123.52072230252352,0.000738462405422871
145,0.222726173784541,0.42781918413901415,0.3183995171370841,0.46854034684171286,0.44866491106163653,0.42781879168286513,0.9921465570276434,125.7524700381539,0.0007366004744869555
146,0.21956993802182975,0.43106657320956,0.3283653615756373,0.4060246153158451,0.5112487916228182,0.4310661892047007,0.9903437224301425,146.70399509776723,0.0007347380204625457
147,0.21303825054703088,0.43510341000396746,0.3299387650182537,0.45285228611712164,0.47254527241064875,0.4351030378761466,0.9918628389185126,136.4362919764085,0.0007328750417285716
148,0.22679804560953173,0.4534376828958368,0.34566308811831903,0.4570342620971756,0.5017056773021153,0.45343729239810887,0.9921425039117987,143.09372375228187,0.0007310115366543449
149,0.2180843185419324,0.45612536465960873,0.345976096492854,0.44118377863762553,0.5422690964247029,0.4561249879613054,0.99130840735002,137.76105891574514,0.0007291475035994755
150,0.21450249379736253,0.4404828371741056,0.33674313864020544,0.4133832001189334,0.5401045182536685,0.4404824672436437,0.9903072660619562,122.71492923389782,0.0007272829409137847
151,0.2151939758452876,0.45074515651521146,0.3403945568492971,0.4177084145065322,0.5526924909427922,0.45074478205327373,0.9905767007307573,128.79382014274597,0.0007254178469372199
152,0.19612829070324186,0.4451139823980725,0.33059318969687557,0.423504961452514,0.5571997330142294,0.44511359614659657,0.9909856969659979,142.3041584708474,0.0007235522199997669
153,0.2169655331078617,0.4510319381258871,0.33705604704444014,0.4301171349177411,0.5527628725930385,0.4510315759954597,0.9904341047460382,145.40943772142583,0.0007216860584213608
154,0.2130065599734756,0.44766609893945497,0.3428332373669509,0.4331095886714981,0.5096078208041198,0.4476657014298057,0.9902917471798983,120.85026576302268,0.0007198193605117973
155,0.2080098101976274,0.4465494243497933,0.3413403536606849,0.43130428197562765,0.5215657805417485,0.44654903863558704,0.9904942079023882,122.64404244856401,0.0007179521245706413
156,0.2095069974318318,0.43485822886662523,0.3224313671058261,0.3929946194544709,0.5467570409164924,0.4348578565563683,0.989670146595348,140.340149641037,0.0007160843488871357
157,0.2206161935952888,0.4492981725064634,0.34317600779426854,0.43715091684818835,0.519980464488559,0.4492977632981228,0.991068796678023,129.05110133777964,0.0007142160317401089
158,0.21006456454252376,0.42962533112455026,0.32536950351377775,0.3827296767475242,0.5766895465432099,0.4296249850436501,0.9881292256441984,119.90937102924694,0.0007123471713978799
159,0.21484620252559924,0.4486241968753255,0.34172209834873996,0.4362121573131121,0.5186547408599346,0.4486238162710792,0.9921004988930442,143.32830517942256,0.0007104777661181647
160,0.2194496558058536,0.45746418503943825,0.344281665836725,0.4238699737803844,0.5808991331042965,0.45746380557964444,0.990214391188188,130.602201721885,0.0007086078141479791
161,0.21252102738824383,0.45364789323414295,0.34603142868493303,0.4472083245584022,0.5070287414558645,0.4536474921254036,0.9913955385034735,130.49835510687396,0.0007067373137235415
162,0.2159297633273848,0.4574122610974313,0.3437765017835865,0.42203815413134776,0.5707010827775442,0.4574118766679946,0.9902242530475963,148.22754792733625,0.0007048662630701754
163,0.22357686343549313,0.4665361257657681,0.35692836236783737,0.4543368442839563,0.5386532210985103,0.46653573854236363,0.9915550405328925,133.85690673914823,0.0007029946604022085
164,0.20443330199896603,0.4567805561078289,0.34827709396433254,0.4129077187019654,0.5831624668260867,0.4567801783771508,0.9899772730740634,131.0180902481079,0.0007011225039228726
165,0.20050476594217892,0.4335167326743338,0.33104437587857716,0.37546206758145734,0.5746797497116443,0.43351636996325155,0.9890724312175404,135.51410347765142,0.0006992497918242011
166,0.20746032062960768,0.4611928219087217,0.35519385509493573,0.4369245529256664,0.545810307112242,0.46119243991352143,0.9911863587119363,124.92428415471858,0.0006973765222869263
167,0.2019736628936625,0.42683973670963576,0.31973684547582787,0.4472053394605279,0.47249536218904803,0.42683933326175477,0.990999005057595,145.80291507460853,0.0006955026934803739
168,0.2008133352487937,0.45354512906159383,0.34669734400815777,0.4543675236870465,0.5155952838883759,0.4535447277382812,0.9921136769381437,124.08405052531849,0.000693628303562358
169,0.205505996428687,0.45229423422205384,0.3434529164104117,0.4249942675114411,0.555082730473416,0.45229386511811176,0.9901957295157693,132.5334588180889,0.0006917533506790733
170,0.20246650852348613,0.4561678887985181,0.34604879341151734,0.43055972567526624,0.5497827050699429,0.45616750206417317,0.9904292063279585,126.66356886516918,0.000689877832964987
171,0.203176139158079,0.45754258536841375,0.3502194111914009,0.4386246933275917,0.5328840629353178,0.4575422034911266,0.990976485339078,131.4771949594671,0.0006880017485427283
172,0.1966479692993493,0.46011889057711086,0.35521821549877547,0.44242316343295623,0.5380066545814519,0.4601184821116348,0.9912532026117499,127.02412121946162,0.0006861250955229781
173,0.197036046663235,0.46603176368860366,0.3540392544572937,0.44847982205386716,0.5559709163339579,0.46603137904525127,0.9914315613833341,126.11466045813127,0.0006842478720043559
174,0.2033970069953765,0.4465168160929599,0.33975769415511325,0.43025679841376924,0.5184474920712425,0.4465164383027042,0.9912050854076039,138.37388558821246,0.0006823700760733055
175,0.1968493948037597,0.4500519003865655,0.3419700667842553,0.45402337699166057,0.5080964154907007,0.4500515175750673,0.9917948029258035,128.24356443231756,0.00068049170580398
176,0.19983032885296592,0.43803405983498644,0.3321424225954659,0.4749669147855165,0.4741500104171044,0.43803367050452474,0.99172381921248,124.56905325976285,0.000678612759258125
177,0.1953128845184699,0.4477318246037187,0.34355848760016383,0.4551620872358475,0.4924430507347679,0.4477314465171748,0.9914009787819602,126.08257588473234,0.0006767332344849599
178,0.20737803239246894,0.4559304500748987,0.3449794829128767,0.4228726004762234,0.5530319486749941,0.4559300797105113,0.9907406893643466,141.71463446183637,0.0006748531295210577
179,0.1988446218357689,0.4441950497912238,0.33957082529161764,0.4445880353027427,0.49651744046496676,0.4441946538341565,0.9911998401988636,136.6262028650804,0.0006729724423902248
180,0.18855297488385234,0.45726097801076543,0.35135880959517274,0.4488398336236006,0.5180722083797922,0.4572605822309683,0.9911405389959161,125.4119749285958,0.0006710911711033769
181,0.1975269126652301,0.4747283251009675,0.36398022464134955,0.4387053570242022,0.5798204820927985,0.47472793812104136,0.9908587715842507,128.67338026653636,0.0006692093136584148
182,0.19104992534066068,0.43952730170514603,0.3344632385256277,0.4600029398438478,0.4677481626753103,0.4395269095178016,0.9918610182675448,124.2660606991161,0.0006673268680400988
183,0.19425527708626342,0.4480683304742623,0.34755904717737135,0.41228227994425315,0.5373589473947881,0.4480679848506863,0.9897858229550448,126.4826545715332,0.0006654438322199202
184,0.19282697920484104,0.458431408559311,0.3497719108854338,0.42437706139179326,0.5714501790405275,0.45843101602407965,0.9908214048905806,139.5517538244074,0.0006635602041559724
185,0.19189601811184281,0.4349106274623702,0.3314312030925524,0.4633373480143088,0.46095139843972127,0.43491022178207234,0.9923321117054332,123.46935493295842,0.00066167598179282
186,0.19460019550618085,0.4564303972235646,0.3505544215965781,0.44417988067599745,0.5158387957126993,0.45643001692160534,0.9911020669070157,132.72792148590088,0.0006597911630613657
187,0.19879773331955933,0.4363746656161682,0.3367529342727431,0.39625901088584486,0.5403993306645472,0.43637429630731456,0.9898102283477783,126.73126717047258,0.0006579057458787157
188,0.19525667785227985,0.45579539133052743,0.34807952542648546,0.47412293775579434,0.49102198761234367,0.45579501321882687,0.9921647201884877,130.56936222856694,0.0006560197281480442
189,0.19048435801918479,0.4557957590873674,0.3514842791333184,0.4740621561109112,0.4912939196324762,0.4557953605333323,0.9922579201785001,124.09497471289201,0.0006541331077584547
190,0.19499120621503085,0.4527486866793779,0.34559102022625987,0.4619874687303698,0.5068062142341252,0.45274830214808587,0.9921384074471213,130.73086654056203,0.0006522458825848401
191,0.18940561778586487,0.43066028368346365,0.32430518653332996,0.4249510500064129,0.506197507615106,0.43065991928403163,0.9906982508572665,120.66394469954751,0.000650358050487742
192,0.1976452877466706,0.46117951414604524,0.35447060781704115,0.44113678558772507,0.5447866853587912,0.4611791113698737,0.9915918653661554,140.64518896016207,0.0006484696093132058
193,0.18299956264338274,0.4560298683300737,0.34601014923950707,0.4452910447995425,0.5047407776320417,0.45602948344526406,0.9914791150526567,141.17314234646884,0.0006465805568926364
194,0.1923365592956543,0.4435975823286965,0.33915912046797,0.4481624125403015,0.4921899999773652,0.4435972067824147,0.9915495352311567,129.34544025767934,0.0006446908910426501
195,0.1944696612913033,0.4436728344172092,0.3382764787455704,0.44398003667314717,0.48191764541248167,0.4436724485448737,0.991758173162287,136.69296076081017,0.0006428006095649255
196,0.19312949093251391,0.44540750402148477,0.3403932686475597,0.4357017680622029,0.5215705005262729,0.44540714540270315,0.9909164038571444,128.78202379833567,0.0006409097102460521
197,0.18797815582532992,0.43175001857294276,0.3326825275302822,0.39251433685421944,0.5239783897572621,0.4317496113151058,0.990514105016535,131.27362979542124,0.0006390181908573774
198,0.19149330403955503,0.45780439218310404,0.3481242581605591,0.43785631434294675,0.5434265049626279,0.4578040151444449,0.9910397312857888,133.8461197939786,0.0006371260491548504
199,0.183914500534877,0.45600960331720497,0.3509827023365993,0.45769557462466,0.5058352690440846,0.4560092057800361,0.9915572079745206,122.52340518344532,0.0006352332828788649
200,0.19182654855580167,0.4471603217493044,0.341932697917284,0.4315659167214363,0.5086837473162718,0.44715993493186107,0.9912963563745673,122.1129439310594,0.0006333398897540993
201,0.1856005522368968,0.46434352506923704,0.35556889838346495,0.44928719675720785,0.5325158599834964,0.46434312770463193,0.9914070042696866,131.252653317018,0.0006314458674893553
202,0.18599276441609722,0.41482801356905963,0.3097947859349514,0.4731974370336871,0.42424492896819727,0.41482761307010774,0.9919644269076261,119.3381302573464,0.0006295512137773931
203,0.19003777437168975,0.4514343401009743,0.3459596901777557,0.4186048549925843,0.5408949406973076,0.451433958835,0.9907358126206831,124.65528273582458,0.0006276559262947659
204,0.18613543314324027,0.4447203057688958,0.3378291612361855,0.45114300462343526,0.4940975155384304,0.44471990060995376,0.991571383042769,130.97837682203814,0.00062576000270165
205,0.1883456633351315,0.4516025184868003,0.3439831937136736,0.46050123787427866,0.5022122449862022,0.45160212854604836,0.9913818402723833,124.37755888158625,0.0006238634406416756
206,0.18687452979642769,0.451134835888416,0.34480994432863643,0.4653985535591359,0.501698889743283,0.4511344804513539,0.99153733253479,140.82019632512873,0.0006219662377417515
207,0.17917280888249135,0.45789266342692225,0.3529552097626333,0.4397376491117038,0.5288283569766791,0.45789228938656207,0.9908342578194358,126.08014186945829,0.0006200683916118909
208,0.18131090058334942,0.4705445892765351,0.3601463260293594,0.4707940671032201,0.5145997803299607,0.4705442061478944,0.9919387427243319,136.19772616299716,0.0006181698998450326
209,0.18655258566997518,0.471252971550145,0.36060013057870627,0.4716590093130369,0.5356445954801697,0.47125257915736724,0.9913727370175448,127.76831975850192,0.0006162707600168605
210,0.18558053753670606,0.45738504068567987,0.350917943217175,0.40633663387855495,0.5693689300156866,0.4573846664809052,0.9901799938895486,133.06994689594615,0.0006143709696856199
211,0.17514998911098503,0.4620222247488526,0.35447707390277894,0.4587329235481051,0.5302503042628156,0.46202182740146686,0.9912859309803356,122.18814076076855,0.0006124705263919325
212,0.18787836386211987,0.4573349172581857,0.34723886193179504,0.4431920716760658,0.5283251960917366,0.45733453695327975,0.9907261458310214,122.34155388311906,0.000610569427658607
213,0.18958586835484395,0.43003567632971595,0.3270374056924025,0.40363976915997957,0.5101744475548254,0.43003530818338115,0.989929502660578,115.54669113592668,0.0006086676709904492
214,0.17653263540103517,0.4620414415205067,0.35241818555567245,0.44551673390511,0.5395864313045009,0.4620410422318276,0.9907469099218195,122.44923654469576,0.0006067652538740668
215,0.19339503510587516,0.4399313061171661,0.33780432201155136,0.4232590776899539,0.49986525573768964,0.43993094130642874,0.9910349412397905,111.25129016962919,0.0006048621737776744
216,0.18511911276085624,0.45688408598213076,0.34414029450361405,0.4692060785611421,0.5172377649844035,0.456883720799673,0.9908550002358176,123.34196506847034,0.000602958428150892
217,0.18614296846348663,0.45457526469872056,0.3403971449422698,0.43781260701673064,0.5326849090274947,0.4545748802537844,0.9911397153680975,132.3415825583718,0.0006010540144245451
218,0.183860018463998,0.44845294526546947,0.3411729634852861,0.4285027654185118,0.5122788489527675,0.44845257044128695,0.9910282004963268,127.09942984580994,0.0005991489300104574
219,0.16769212432976427,0.4280123673497464,0.32331638031401444,0.462971135113122,0.44050549694020236,0.4280120115939567,0.9921685348857533,127.98275912891735,0.0005972431723012443
220,0.1782387121655475,0.45093032694254837,0.3418579887878396,0.47445825324457097,0.4793916448253465,0.45092993322767466,0.9918742179870605,117.31848161870784,0.0005953367386701004
221,0.1796561674396882,0.4586188524074032,0.35221991635919486,0.42615453066901005,0.5618428018266095,0.4586184971307114,0.9908620877699419,123.19219400665976,0.0005934296264705859
222,0.17676449147449141,0.45275761489475636,0.3442829056569894,0.4523444089114669,0.502488479061206,0.4527572362051762,0.9914770559831099,126.77791168472983,0.0005915218330364093
223,0.17351135744274349,0.45305754517574715,0.34535118505897683,0.5042615601701281,0.4533194170809898,0.4530571755446435,0.9930317618630149,121.25714579495516,0.000589613355681206
224,0.17222086057580752,0.4454614520048416,0.33756906123565494,0.455273611408975,0.4760850366802138,0.4454610693607242,0.9920322895050049,134.4279569495808,0.0005877041916983153
225,0.17452468808697558,0.45119508255216706,0.34629454769476387,0.39494294572622723,0.6003522455274516,0.4511947428638648,0.9891838810660623,129.29756660894915,0.0005857943383605531
226,0.18308809322529826,0.4596788369071955,0.3540864313685811,0.4452409557060084,0.5166254714455469,0.4596784601824618,0.9915004860271107,131.14704730293968,0.0005838837929199803
227,0.1712642272227797,0.4715636041305917,0.3645131571360736,0.4617011310267877,0.5310644147789891,0.471563208562509,0.9920412843877618,126.53500606796958,0.0005819725526076705
228,0.18428090043451595,0.4562787900000645,0.35230203013890465,0.415464898824635,0.5564425280637088,0.45627843186697753,0.9901913079348478,122.55081850832158,0.0005800606146334708
229,0.16173216871831608,0.45192306228578966,0.34451248913922966,0.43786704581030805,0.505991765420727,0.4519226910039223,0.9916627407073975,138.12160197171298,0.000578147976185762
230,0.1684760856388629,0.45563359811180854,0.3453546669035573,0.4065406919132212,0.5698935624578474,0.45563322342723284,0.9902801730416038,131.6563258821314,0.0005762346344312134
231,0.17779142919114266,0.4597452598008854,0.35214089420611566,0.4615482689679677,0.5150344677613674,0.45974489314159334,0.9918509830128063,129.22091113437307,0.0005743205865145341
232,0.17188782488991475,0.47282349838939114,0.36043953051536975,0.44971355253410616,0.5516103682934903,0.4728231270459402,0.991372520273382,125.09391110593623,0.0005724058295582214
233,0.18739262296036743,0.4675556875799238,0.35286019102967053,0.443011272199052,0.5732985932204463,0.4675553310027698,0.9905752268704501,132.18676101077688,0.0005704903606623043
234,0.17174904690734272,0.4393749844685729,0.33383647217422296,0.44553715432534974,0.4870181664804509,0.4393746124962019,0.9913095777684992,142.09040800007907,0.0005685741769040841
235,0.16904757848416252,0.4569327017356643,0.34711085184146245,0.4630292363512348,0.5110976342647604,0.45693232015373064,0.9915559508583762,130.12011634219778,0.0005666572753378695
236,0.17379407661742177,0.460850791255165,0.34863804819005667,0.45889346319272095,0.5148798478239305,0.46085041537041566,0.9918383901769464,130.4052108417858,0.0005647396529947098
237,0.16896308226318196,0.45634782232110277,0.34537760382453614,0.4587299463814957,0.5151295921369534,0.4563474672932087,0.9914416399869052,143.71302465959027,0.000562821306882122
238,0.16999655585179382,0.46647181155706274,0.3585112826513052,0.44524537620853644,0.5456547159221187,0.4664714593144428,0.9904019832611084,135.79122395948932,0.0005609022339838143
239,0.16530939054557647,0.44836087594192375,0.3357895522281281,0.4790559001231036,0.47589905258882725,0.44836051541978494,0.9918018904599276,144.50540872053668,0.0005589824312594061
240,0.1687387047314096,0.43818630787283186,0.3290708912654357,0.44528392060147315,0.4935630660145463,0.43818593186076565,0.990433931350708,122.99349331855774,0.0005570618956441422
241,0.16933560619751611,0.4467815938537533,0.3394616325941037,0.44446417491799983,0.5025982124710967,0.44678121070720755,0.9909062168814919,128.35525755448774,0.0005551406240486037
242,0.17457644825522928,0.4525381066914924,0.346008418059546,0.45529398823422124,0.5141442819732499,0.4525377321142317,0.9908712560480292,124.87710530107671,0.0005532186133584137
243,0.1658061596768341,0.4548009070103195,0.3452578515503355,0.4218601767651645,0.5409220850244507,0.45480054803196546,0.9906237125396729,130.81417189944875,0.0005512958604339385
244,0.17161591899120945,0.4446649158731455,0.3332242729669619,0.47828626533304147,0.48394300503964494,0.4446645324881086,0.9917354366996072,126.0072109265761,0.0005493723621099843
245,0.16993495946129164,0.46449858226774426,0.3542136463095687,0.44249879699702926,0.5505538333573816,0.4644982169425095,0.9907225695523348,134.78907067125493,0.0005474481151954883
246,0.16911926163339067,0.463385863499888,0.3528010159343169,0.43227486585277414,0.5526357383193283,0.46338550428949704,0.9907715754075483,131.0102482925762,0.0005455231164732059
247,0.16382829896334944,0.46993634623269304,0.3611301066223244,0.45214693310021326,0.5518894085857503,0.4699359980666553,0.9911185177889738,129.36804439804772,0.0005435973626993919
248,0.16587659746579742,0.4614701125845272,0.35230134634876387,0.4530650479392451,0.521575067827845,0.4614697792992256,0.9916574088009921,129.4601951078935,0.0005416708506034778
249,0.17024581973580108,0.452532829482517,0.3462360806071307,0.42419864411017427,0.5349595475075263,0.45253245079558524,0.9909626137126576,129.90098890391263,0.000539743576887742
250,0.16924900017764377,0.45116258075549476,0.33931509313854935,0.4473334580246093,0.5207500046607111,0.45116221337500323,0.9907257123426958,134.5056889924136,0.0005378155382269764
251,0.17200676895592404,0.44517349569117004,0.3399541363773126,0.39844271164058465,0.5668558842381088,0.4451731447493452,0.9899855527010831,130.5053962577473,0.0005358867312681466
252,0.16902511592569022,0.4420804981587765,0.3386755333727535,0.42452767137387093,0.5199389101578773,0.44208013888623066,0.9905702200802889,134.57701060988686,0.0005339571526300471
253,0.17227636675896316,0.4526193707859786,0.34815655627924263,0.4116361586389157,0.5529819715409459,0.45261902635159995,0.9904699108817361,130.14923739433289,0.0005320267989029498
254,0.15332812687446332,0.45077920984148984,0.3477477904598636,0.41829661459729234,0.5372343618233438,0.45077884528496076,0.9908882487903942,125.19551699811763,0.0005300956666482484
255,0.16547118671152783,0.465042800913877,0.35457907538392724,0.46691284398897753,0.5239231393107651,0.46504242464228757,0.9914296106858687,132.30759915438566,0.000528163752398095
256,0.16672259920287405,0.45292928319318987,0.3438673408526377,0.4675668003250713,0.49043908786167517,0.4529288953001473,0.9919315684925426,127.58670104633678,0.0005262310526550319
257,0.16946591633832317,0.44898382492427585,0.34067809267562854,0.4324289967487035,0.5144586805996235,0.4489834482718705,0.9915524612773549,140.4495038986206,0.0005242975638916167
258,0.16285123521911687,0.44656379363086746,0.33802940250808206,0.47284015563988646,0.4760143161138693,0.44656341141948735,0.9922918189655651,128.89827433499423,0.0005223632825500419
259,0.16173831883004341,0.4579805676145243,0.3451053230435754,0.47268636166354144,0.499896234832823,0.4579802072602455,0.9919093522158536,123.92327534068714,0.0005204282050417462
260,0.1667092264811883,0.4434308574099905,0.33633624119355243,0.43478125058752537,0.5058048681505367,0.4434304785259178,0.990936972878196,122.59801058335738,0.000518492327747022
261,0.15975807988266835,0.45952430506042086,0.34347599510840027,0.47937401895680554,0.5016488571270409,0.45952393724171847,0.9921411384235729,135.5521983233365,0.000516555647014613
262,0.1736999463675351,0.43117803270050364,0.32384644859862216,0.4624446339751481,0.44999193729294334,0.4311776450116465,0.9924402453682639,124.3055049722845,0.0005146181591613082
263,0.16691537745211316,0.4698512764769319,0.35931358149815024,0.4502532817842944,0.5580804850595255,0.4698509036733403,0.9911740476434882,134.6644769148393,0.0005126798604715261
264,0.16721661483076797,0.4680877307985019,0.36120332129432137,0.4812187586836233,0.5049098072616,0.46808735315109795,0.992491440339522,125.30063670331782,0.000510740747196894
265,0.16347809872408023,0.45713191956147003,0.3482464143247848,0.42757812119829364,0.5451969175387975,0.45713155479604023,0.9907981048930775,129.30227528918874,0.000508800815555818
266,0.1565768537593299,0.4485136405625074,0.34050049604550753,0.456427405117037,0.49459279873631934,0.44851327308100347,0.9909202402288263,121.83349448984319,0.0005068600617330473
267,0.15646408404084458,0.468625740568112,0.3577710610558709,0.46218944061952116,0.5339808345837015,0.46862537470462334,0.9910848140716553,135.87028427557513,0.0005049184818792296
268,0.1676815569657704,0.442149157411518,0.32801058451138526,0.46046483766830126,0.4842336999401793,0.44214877452372614,0.9922175840897993,137.60123599659312,0.0005029760721104597
269,0.15981417817288432,0.46479891028771336,0.35319020822800523,0.45865644936605604,0.540606874835119,0.4647985363210427,0.9913054813038219,133.9831408587369,0.0005010328285078191
270,0.16046991606039562,0.46769942717766994,0.3531690775193759,0.44145274029469594,0.5700230012881827,0.4676990736784544,0.9910057891498912,138.5373738679019,0.0004990887471169086
271,0.15909989345176467,0.4753300111738934,0.3584609671282297,0.46176920754952183,0.5587230587527499,0.4753296398981576,0.9912063208493319,136.49297757582232,0.0004971438239473716
272,0.16225346747314792,0.468797043317611,0.35348580630786075,0.4687037204579339,0.5291735677536581,0.4687966797501291,0.9911699511788108,134.33594937758014,0.0004951980549724098
273,0.16076982496627445,0.4691405705912507,0.35676027634029134,0.44144402244732484,0.5631392827285299,0.4691402040401238,0.9908084869384766,138.00805776769465,0.0004932514361282894
274,0.1607722658449891,0.4523173196993634,0.3458309998361048,0.41736052682031544,0.5684033370875056,0.4523169590208513,0.9896844300356779,128.75401401519775,0.0004913039633138389
275,0.16510858930561734,0.46705066729851014,0.35751677489379863,0.4262143984238,0.573671051248265,0.46705030810771914,0.9906696839766069,136.56256391785362,0.0004893556323899376
276,0.16107739636610294,0.46307794007706843,0.35472653233511003,0.464373074679234,0.5045735048172612,0.4630775707351646,0.9921278736808083,138.56101738322866,0.00048740643917899543
277,0.15185624879153295,0.4502585597396745,0.34478319997403106,0.4610459725219135,0.49024183416370004,0.45025818325079764,0.9923913912339644,137.7611219449477,0.00048545637946442196
278,0.156442200743604,0.4674410270765446,0.35930970736877704,0.4448331594312872,0.5468714121602262,0.4674406710335694,0.9910004572434858,134.6027489792217,0.0004835054489900874
279,0.15013040208268438,0.46200645962671805,0.35744187978800057,0.44153543919617416,0.5277410360772964,0.46200609622023675,0.9912588813088157,123.05779819055037,0.0004815536434597723
280,0.15429934032860843,0.4513790649363191,0.34623204702947585,0.4501441056919871,0.49280912948741873,0.45137867858555497,0.9924054579301314,126.3878727609461,0.0004796009585366077
281,0.15171181718850957,0.44794648656382957,0.3413537844850908,0.4401071254148254,0.5002886338308796,0.44794611815918606,0.9913351969285444,142.13991349393672,0.0004776473898425048
282,0.15117951713759323,0.4589425557544729,0.35211967267920047,0.446089823495438,0.5234980514507067,0.458942188500399,0.9915179339322177,135.3961820602417,0.00047569293295757415
283,0.16403354319005176,0.461041112112656,0.35381329899883657,0.48016873853545916,0.48572252909876446,0.46104072783657113,0.9925001968036998,130.52026018229398,0.0004737375834195338
284,0.1594913507672562,0.46584787832376656,0.34973873049713355,0.45354316679430284,0.5377816760130569,0.46584751346916864,0.9913632652976296,141.19237078319895,0.0004717813367231056
285,0.1481910391614355,0.4686955596628781,0.35686972823792523,0.4689976982975242,0.5225048826865866,0.4686951851261197,0.9918008934367787,140.58383349938825,0.00046982418831940226
286,0.1577628729329712,0.45678137792447443,0.34382475173123106,0.43738545408475227,0.5317344585307793,0.4567810054009112,0.991193641315807,134.87750978903338,0.0004678661336153
287,0.15107238802245293,0.4674773939544755,0.35494632311359176,0.45056944933922394,0.546375304879633,0.46747703577231586,0.9912034598263827,135.86560466072777,0.00046590716797280114
288,0.15303052871905523,0.44500329161071,0.3358968642558027,0.44127520794038877,0.5057274335467346,0.44500291144312604,0.9917550953951749,140.67459216984835,0.00046394728670838385
289,0.15337359841013776,0.448919963283646,0.3352778326650696,0.4541985255316433,0.5188136460916906,0.4489196001722149,0.9914954142137007,126.48703477599405,0.0004619864850923394
290,0.15686226957317057,0.4499352869150944,0.33761953178928195,0.4515678715569999,0.5131996574029669,0.44993492833937476,0.991215315732089,138.19069665128535,0.0004600247583480966
291,0.14946759025427117,0.4526762535355415,0.34482022685423214,0.4502619071187725,0.5047529998808087,0.45267586812212934,0.9917224970730868,141.72379851341248,0.00045806210165153324
292,0.14927623009887234,0.4652849953689844,0.35678127454005965,0.45213405307025684,0.5377330104715787,0.465284635990238,0.9910897341641512,127.90749194405295,0.0004560985101302735
293,0.1613070734444706,0.46069422340849064,0.35300209182635106,0.4586935104237012,0.5209842329655524,0.46069385227753656,0.9913433031602339,136.69292042472145,0.00045413397886297295
294,0.15000318483203307,0.4435593344143782,0.33574386053418276,0.443523020754872,0.4979035942922266,0.4435589613383044,0.9913111816753041,120.10051532225175,0.0004521685028785876
295,0.1547618757119809,0.46575228787013645,0.35290070223820036,0.4671937841852943,0.5217484351021336,0.46575189575516895,0.9921486160971902,128.7714162089608,0.0004502020771556299
296,0.15947728771074066,0.46214781382632053,0.3512542213762302,0.4557044489167593,0.5184327325340364,0.46214743424216476,0.9923229651017622,137.45987354625356,0.0004482346966214095
297,0.1551575238077805,0.46067360977835264,0.34802143295657895,0.46534637373676446,0.5131373708094171,0.4606732527980558,0.9918895634737882,138.71495775742963,0.0004462663561512584
298,0.14810238089198355,0.465509279808734,0.35507306215042767,0.45471247938210246,0.5314776424684999,0.4655089048902253,0.9917630282315341,139.61841797828674,0.0004442970505677413
299,0.15375519256996012,0.46599741241408327,0.3568303611559251,0.4326612431923071,0.5646692206555135,0.46599704757422716,0.990652474490079,138.88707956400785,0.00044232677463984944
300,0.157677561644165,0.45610623618168017,0.3472603937086407,0.4373197187044568,0.5335364856398583,0.45610584970571105,0.9916389205239036,133.78746481375262,0.0004403555230821779
301,0.15573174185280142,0.4383866139215637,0.32952057641963123,0.4583958481716906,0.46979734478318597,0.438386235947109,0.9918772957541726,138.383281360973,0.00043838329055408696
302,0.15184553318667685,0.4461210013884367,0.3304205228075717,0.4678043600683717,0.49354943348403046,0.44612062984917533,0.9917501319538463,142.4609852704135,0.00043641007165884534
303,0.1575637680703196,0.4669838044743082,0.35319645486448076,0.46597973615217664,0.5205204047327358,0.4669834259390084,0.9918105602264404,137.7361183166504,0.0004344358609427563
304,0.1569648822662474,0.45456850552113254,0.34441678038784423,0.4601557510764416,0.5059517081298954,0.4545681317845647,0.991832668131048,133.48823783614418,0.0004324606528942658
305,0.15377764549406095,0.4355281788135546,0.3304345977195714,0.438779665528981,0.4779872069177765,0.43552779880449477,0.9915612177415327,132.39438405903903,0.0004304844419430511
306,0.1529351257901082,0.45592445460149217,0.34620962913318504,0.46061462422290894,0.5011651701759671,0.4559240886434756,0.9917966235767711,133.62432443011892,0.00042850722245909174
307,0.15292694826406994,0.44546390716695766,0.33829728554458216,0.4572282040080264,0.4861618901391384,0.4454635436732236,0.991391962224787,134.67822603745893,0.00042652898875171984
308,0.14957817875105758,0.45654465743007644,0.3457768094023757,0.47443128731448225,0.498643970826167,0.4565442847935444,0.9919446815143932,133.89900571649724,0.00042454973506865094
309,0.15405954103702788,0.4571531179416151,0.3436257975844909,0.4753578702186729,0.4917920025553558,0.457152737198812,0.9921065460551869,130.87007901885292,0.00042256945559499383
310,0.14725906183493548,0.4623311326500119,0.3463537066751336,0.46446387574188025,0.5195508984891314,0.4623307670382932,0.9915374625812877,135.64794670451772,0.0004205881444522394
311,0.14745242987898574,0.4579200523089412,0.34452875714885883,0.4612279225305564,0.506066829336672,0.4579196751266476,0.9916428435932506,131.54547229680148,0.0004186057956972281
312,0.14789551256716937,0.4556639494549085,0.3458990119741663,0.4722413422801217,0.488324002062237,0.4556635794315738,0.9923415400765159,131.29750711267644,0.0004166224033210947
313,0.1491145599504997,0.43991717469087416,0.32904460540329733,0.4775083679505822,0.4609126056101177,0.4399167795306591,0.9923867312344637,129.45745008642024,0.0004146379612481899
314,0.1453102681486086,0.4585085965366322,0.3444766621032695,0.4737624883728675,0.5063127200971217,0.45850824971103993,0.9919710159301758,124.26451522653753,0.00041265246333497955
315,0.15267987378027248,0.45311803366570336,0.340261475734291,0.4792806821293061,0.4883069481850013,0.45311765588657715,0.9923109141263095,134.13836654749784,0.00041066590336891814
316,0.15631476053218732,0.45380195845824217,0.3384943089559655,0.4488771518214238,0.512915047658303,0.45380158595408204,0.9917299097234552,126.52622784267773,0.0004086782750672989
317,0.14243115082211877,0.43957701739039695,0.325690158791835,0.4667520373777764,0.46817666511274914,0.43957664401129454,0.9922511794350364,124.65487321940336,0.0004066895720760775
318,0.15026980574274884,0.4584515200447632,0.3475855218147354,0.46818401803092746,0.49608804254846856,0.45845113236420476,0.9922333630648527,129.6983972679485,0.00040469978796866976
319,0.15102442683673453,0.4436608912102697,0.3363724219884881,0.447303272930897,0.48876678769647286,0.4436605228111873,0.9907069856470282,125.75270633264022,0.0004027089162447227
320,0.14235445694334206,0.44740977801132825,0.33735985108147504,0.4694886928784834,0.4814105399164749,0.4474094135856998,0.991734114560214,129.02107949690387,0.00040071695032885756
321,0.14562609659015446,0.44891735255454074,0.33753655727307563,0.4454859702235847,0.508485671841997,0.44891698226680066,0.991878401149403,142.2889927734028,0.0003987238835693844
322,0.1442233788641705,0.4442103263591213,0.3287011749415285,0.45902592610456616,0.48381710394339844,0.4442099357363094,0.9922839294780385,137.39695962992582,0.00039672970923698735
323,0.14411176171624798,0.4275207585844848,0.3207955667600079,0.4255718357579496,0.4828869175039017,0.42752039390203306,0.9911231127652255,125.26063275337219,0.0003947344205233804
324,0.14633660832013207,0.4275619143848685,0.3224069007429968,0.4443447424718196,0.44621111138270025,0.4275615262344638,0.9923621307719838,121.7281182679263,0.00039273801053993075
325,0.1358076544671223,0.446503502040952,0.3390264258268912,0.455664478011866,0.4890271319166637,0.4465031249407137,0.9919260415163907,139.52922593463552,0.000390740472316252
326,0.14410168514854607,0.45044957144669856,0.3407114806673625,0.4645192998285361,0.5007550479654904,0.45044919811408196,0.991855339570479,132.12026047706604,0.0003887417987987635
327,0.14351691151487417,0.4427170226456561,0.3302458392646974,0.5075439257605182,0.44531189188447073,0.44271666057086884,0.9926118200475519,129.06592280214483,0.00038674198284921577
328,0.14694655352625355,0.4252436813360703,0.3171227782173027,0.44984199441772754,0.4586269946472674,0.4252433194357103,0.9914880665865812,133.6324249831113,0.0003847410172431821
329,0.16148323287395225,0.4401401759132087,0.33327530572597486,0.46284521213236435,0.4722648753573057,0.44013980488218024,0.9917794574390758,136.20577836036682,0.00038273889466851373
330,0.14389230777648673,0.42521490447490007,0.3204766839870941,0.44730945239684394,0.45108242158948586,0.42521452632829176,0.9921585863286798,129.76219643246043,0.00038073560772375803
331,0.1431575738664331,0.4298572062507636,0.32060071001583973,0.4782576583483193,0.44815912710472305,0.42985683961100496,0.992135308005593,138.10549074953252,0.0003787311489165393
332,0.1427222260798531,0.43446503702872463,0.3255794803272068,0.44095151459581367,0.4704528795709827,0.43446468603964283,0.9919273853302002,129.97719771211797,0.0003767255106619003
333,0.14294358963767687,0.4472073183233089,0.3367132945522836,0.4659950981712869,0.4835498848342894,0.44720692524103356,0.9921126365661621,132.53665533932772,0.0003747186852806031
334,0.1390744872905057,0.4633220989896134,0.3507779361980525,0.4617423836310932,0.5237819206520024,0.46332173557456424,0.9918055100874468,128.48066778616473,0.00037271066499738924
335,0.144524444322819,0.45515896619390256,0.3421297886392734,0.45829871519644433,0.5055723291440907,0.4551585978744624,0.9920069954612039,131.00377902117643,0.00037070144193919653
336,0.14281413498623619,0.47117932156743764,0.3594071970203708,0.46606183606530693,0.5275135200625468,0.47117894039684205,0.9919575344432484,135.16726901314476,0.00036869100813333194
337,0.14408089982709665,0.45470390894759516,0.3424502799377631,0.472523500663593,0.4861625413876151,0.4547035391020197,0.9922477982260964,134.23079653219745,0.00036667935550559937
338,0.14216832568248114,0.4537536569357664,0.3385539833323929,0.4552112806096393,0.5075533197326082,0.4537532784637976,0.9919539364901456,137.4240909272974,0.00036466647587838003
339,0.14251236065194525,0.43904149521901614,0.32889998983560076,0.48760172288782394,0.44071076109763274,0.43904111456576217,0.9928465323014692,132.40504004738548,0.0003626523609686652
340,0.13698870500271348,0.45624490517665994,0.34740937408624195,0.45627113341313136,0.5101802900371231,0.4562445343102297,0.9918499426408247,123.56795551560141,0.00036063700238603866
341,0.1367445383006814,0.4570048763527085,0.3472435067588278,0.4505077724657838,0.518266069661133,0.45700449796015935,0.9911688241091642,132.26291931759226,0.0003586203916306077
342,0.14113354267573905,0.4613920667871701,0.34751257712237743,0.45163361144931025,0.5262049545259981,0.46139168166773403,0.9917648705569181,124.49568122083491,0.0003566025200908819
343,0.14093897444592124,0.4591265176804961,0.3470936309166308,0.4588122563530842,0.5096593463096094,0.4591261429543412,0.9921376488425515,134.4196899804202,0.0003545833790415959
344,0.1346260244562023,0.4588673823346936,0.342269073380475,0.46365520432797686,0.5066160265759654,0.4588670077607292,0.9922907569191672,123.73864006996155,0.0003525629596414768
345,0.14832543281988167,0.4556358567083695,0.34222254252677786,0.49194414421414245,0.486582149084861,0.455635478995395,0.9925950223749335,135.22473190047523,0.0003505412529309526
346,0.13657831199381543,0.45419662547231154,0.342617980931267,0.46908546361790493,0.5001547334251252,0.45419624952648047,0.9918037327853116,126.08959102630615,0.0003485182498298004
347,0.12905988778019772,0.44714954145245717,0.3357881679309531,0.4403450841144046,0.507181900744022,0.4471491696644229,0.9908965500918302,130.75688151879743,0.0003464939411347329
348,0.13980689743298225,0.44549713264532137,0.33330014367942873,0.45112221129300295,0.5014749668349262,0.44549675745134515,0.9914037747816606,133.03861225735056,0.0003444683175169201
349,0.13335293647030305,0.4285400169252972,0.31469601629674054,0.46645184331380846,0.46235454627536277,0.42853965017612605,0.9912760691209273,135.43300177834251,0.00034244136951944463
350,0.1390105068854902,0.44892038067795,0.3341981063600359,0.44430754502618514,0.5114567003277558,0.44892000400635984,0.9909458593888716,132.4399311542511,0.0003404130875546888
351,0.14318946856020512,0.4468236127736241,0.3342434086662488,0.4837253032243421,0.4669715493282597,0.4468232523651109,0.9923509467731823,132.55335296284068,0.0003383834619016499
352,0.1423884485473578,0.4392774193441771,0.32893291106235284,0.48871350546041104,0.45130953903480575,0.43927706155769486,0.9926903247833252,127.00539855523543,0.00033635248270318287
353,0.13850443412003846,0.45434692531895765,0.34227455333539564,0.4653848964685059,0.4941027442058044,0.4543465462524516,0.992178505117243,128.50582606142217,0.0003343201399631669
354,0.13720166447690163,0.46661852666013764,0.3514506471818091,0.47501464933079074,0.5091154279336676,0.46661814556209297,0.9924283244393088,132.43875813484192,0.0003322864235435932
355,0.13839582619310795,0.4495221274226218,0.3373836871192867,0.486395636563147,0.46249362558604007,0.44952173636896214,0.9928650205785577,127.68574506586248,0.00033025132316157177
356,0.139387515898066,0.46101994036426874,0.34770137954995306,0.4619587771927404,0.5177122133911118,0.46101957932125254,0.9915596571835604,128.37781331755897,0.00032821482838625376
357,0.13978699196515412,0.4742971497255262,0.357803636775112,0.49504481562053865,0.510815623925525,0.4742967742919469,0.9926008094440807,120.11288809776306,0.0003261769286356675
358,0.13652568032172904,0.4649195138788491,0.3517836280929227,0.476170741266092,0.5106537242484707,0.46491912202071645,0.9926355101845481,122.75599624893881,0.0003241376131734635
359,0.1382584828326757,0.4458657590155692,0.33993995757263307,0.4112234736929384,0.5318716827421368,0.445865393404684,0.9914484457536177,117.9515086737546,0.00032209687110556687
360,0.1374235735970667,0.44288745442090566,0.33307307394541646,0.47219733310118633,0.46104746848483696,0.4428870705676754,0.9925456697290594,117.67950014634566,0.00032005469137673224
361,0.1309467188414486,0.4632888905229889,0.3500837866208427,0.45310571496694235,0.5178736065133515,0.46328851817694877,0.9919572093270042,129.22331400351092,0.0003180110627669995
362,0.14159919694066048,0.47877838719965987,0.3651318553834265,0.4745807451687217,0.5314495678186879,0.4787780234422092,0.9925948489796032,131.85339693589643,0.00031596597388804456
363,0.14182245024833187,0.47145468507885196,0.3586568817487015,0.48139149665606157,0.5120820231608832,0.47145430659041737,0.992320407520641,125.91775261272083,0.0003139194131794234
364,0.13194966363324517,0.4426175139628307,0.32995581243629557,0.4793283458766043,0.4576947860462207,0.4426171476001686,0.9924939545718107,128.74258136749268,0.00031187136890470395
365,0.1396239781431083,0.46131430728825984,0.34846487138165655,0.4758162760996298,0.49596736078067144,0.4613139381506631,0.9924780238758434,129.36361373554575,0.00030982182914748223
366,0.13132941817072616,0.46851823271193477,0.35379935469991125,0.4647650125646857,0.5244763739387085,0.4685178540055087,0.9916993704709139,129.09099474820223,0.0003077707818072785
367,0.1330717671448472,0.46368661407328804,0.3478821394841271,0.45369172633063126,0.5269426023968704,0.46368625031965416,0.9918057918548584,129.7515451257879,0.0003057182145953083
368,0.13719239073066875,0.46407341298550403,0.3473144226141159,0.47276099829964036,0.5061808706749235,0.46407303694029606,0.9925257726149126,141.69473708759654,0.00030366411503012506
369,0.14144147936811394,0.4507964897747557,0.33817529254118645,0.4729628889797958,0.47841461319276596,0.4507961040363544,0.992583079771562,135.07469645413485,0.00030160847043312673
370,0.14000793589257646,0.4567053910613741,0.3462321234199264,0.49159400710536105,0.4682310756069517,0.456705040314364,0.9928996996446089,118.11834153262052,0.00029955126792392453
371,0.13462558324480878,0.45196668867204326,0.3430225178600677,0.4546370729643675,0.49551880464435344,0.4519663060465728,0.9922693425958807,130.10152021321383,0.00029749249441556524
372,0.13714494380628925,0.4545324790485968,0.3379555259348405,0.4958246523036564,0.46242538724233523,0.45453209019360635,0.9930995594371449,127.73365699161182,0.00029543213660960366
373,0.13142363739938573,0.4693190988176271,0.35723907551112055,0.47684124323110805,0.5099917082011365,0.4693187141992979,0.9924092943018133,131.46910311959007,0.00029337018099101795
374,0.1402349335880115,0.45230452339494803,0.34301984005260233,0.46668576621892865,0.48302965148744975,0.452304130441329,0.9927582740783691,129.43460655212402,0.00029130661382296226
375,0.1344304438038119,0.443817473832131,0.33345113026524775,0.47156903961340685,0.4659624927974733,0.4438170848457499,0.9926996231079102,126.68944204937328,0.0002892414211413496
376,0.12890835701562892,0.44633454392348215,0.3345795620379026,0.4868827633606383,0.45694734591737957,0.4463341722096731,0.9930944876237349,127.32694220542908,0.0002871745887492587
377,0.13909188426774124,0.45714743608243685,0.34830306131027566,0.4559896904568584,0.5117807166016023,0.45714706885218753,0.9923090067776766,130.9798002243042,0.0002851061022111573
378,0.13354202407016152,0.46225289500878103,0.35221073624581434,0.4974547289876234,0.4729342012602791,0.4622525163472517,0.9932615756988525,133.12486691908404,0.00028303594684693387
379,0.137242559600493,0.46298407547759424,0.353532355663868,0.49351908473795914,0.4884573617337445,0.46298369219197677,0.993026234886863,128.34409453652123,0.00028096410772573076
380,0.13025316441881246,0.47361302249827536,0.3639576549256237,0.48476537631116695,0.5127949296234741,0.4736126510662638,0.9927440773357045,121.34461350874467,0.0002788905696595702
381,0.12841056432874723,0.4688795899559832,0.35692287271723244,0.4912853610270331,0.498804946059734,0.4688792084582676,0.9925798069347035,130.25879400426692,0.0002768153171967635
382,0.1412082134221477,0.4510996818726939,0.34269804485632166,0.4517821027382443,0.4993394388436379,0.4510993229395988,0.9922905401750044,113.35518993030895,0.0002747383346150956
383,0.13958091943942266,0.46422595905849523,0.3541086832826617,0.4570644918099178,0.5203097174325235,0.46422559937303004,0.9921236688440497,127.48946354605935,0.00027265960591477443
384,0.13667109951205636,0.4658473408649502,0.35366881353820384,0.47779349647440994,0.501177771139733,0.46584696661353425,0.9926396933468905,121.14502057162198,0.0002705791148111353
385,0.13617707947376131,0.45954848591609704,0.3437612436308671,0.48239036280042763,0.4892851225566243,0.45954810861847584,0.9925222396850586,126.16113376617432,0.000268496844727089
386,0.13515656210225205,0.45974969189479575,0.34893814155528124,0.47053614126741733,0.5009060328868765,0.45974931662743956,0.99256816777316,129.237966038964,0.0002664127787853039
387,0.13420512544355173,0.46805067819624707,0.35815219583156,0.4901912343043568,0.4995933905709659,0.46805031136203284,0.9930512688376687,127.81000423431396,0.000264326899800108
388,0.1290271485160137,0.466218034596288,0.35493715351618893,0.4771478911350281,0.501026019322783,0.4662176600912476,0.9928808645768599,128.5528151772239,0.00026223919026910044
389,0.1321520234575902,0.4738464174612141,0.36106778108831206,0.4762255659878345,0.5231755881697402,0.4738460435448626,0.9929062669927423,126.40334950793873,0.0002601496323644581
390,0.12671760401163978,0.473654291071054,0.36197061467074737,0.4695734633459938,0.538070600856616,0.4736539310438157,0.9924732555042614,120.74591166322881,0.0002580582079239239
391,0.1309151655898012,0.46210271961863986,0.34763353241145856,0.49273579631195114,0.4877793651709288,0.46210234569907677,0.9930043003775857,123.34876199202104,0.00025596489844146203
392,0.13087435773220554,0.4722488888087304,0.3595923345591917,0.4711889727711911,0.5296857717235443,0.472248520532883,0.9921941323713823,121.93427450006658,0.0002538696850575648
393,0.12983705231855655,0.454699502605896,0.34647597696796584,0.45258294213893624,0.5017015081788114,0.45469912768097787,0.9922963922674005,123.28228055347095,0.00025177254854919455
394,0.1344187751241114,0.47992334957929866,0.3662709856517718,0.49156583374755436,0.5245087274985343,0.4799229861661491,0.992978572845459,133.64570502801374,0.00024967346931934365
395,0.12407941054338696,0.4607280403337859,0.3507889673753382,0.46883449639391,0.5104890995278063,0.4607276603241969,0.9924935427579012,134.10313179276207,0.00024757242738619403
396,0.1338096702492785,0.4650494338337451,0.3540251250957004,0.48944683089511903,0.49746396675791815,0.46504905891872833,0.9929238015955145,122.90318196470088,0.00024546940237185757
397,0.13394413164806093,0.476660874164866,0.364100193122594,0.47713169210701134,0.522230317202431,0.4766604965222995,0.9928752509030428,131.72847218946978,0.0002433643734906761
398,0.13156608453598514,0.4549348606972064,0.3441637725559357,0.4716095841360344,0.4897651222322938,0.4549344789915412,0.9925711371681907,132.68005577000704,0.00024125731953706037
399,0.12994899249624933,0.4596645781202257,0.3495174884439715,0.47484502469502876,0.4894364339003294,0.4596641890452047,0.992676171389493,131.51219480687922,0.00023914821887284436
400,0.13000890479862004,0.46461654491131554,0.3522857600594611,0.4654291321586538,0.510131233748569,0.4646161625332174,0.9925459081476385,132.26071095466614,0.00023703704941413096
401,0.13563070557583337,0.45970581230901114,0.3434875140163769,0.4918087574972338,0.48909764190375016,0.4597054496832719,0.9927163774316962,130.05768602544612,0.00023492378861760376
402,0.125896035982617,0.45582276357359836,0.34472414964493353,0.47426266696888253,0.49308054745621865,0.4558223974468935,0.9924302101135254,122.04888942024924,0.00023280841346627672
403,0.13108229131876736,0.4595281800413283,0.34677969176548606,0.48246514563999926,0.4895647052548611,0.4595278108663063,0.9927275614304976,135.5966033935547,0.0002306909004546538
404,0.13303607984863478,0.4494252516948411,0.3389403792568592,0.48393000830345057,0.47007987465266193,0.44942487348470606,0.9930115179582075,130.39860664714467,0.00022857122557326718
405,0.1248268756544453,0.447318869339167,0.336406820446287,0.4899031958874321,0.46875428970989064,0.44731850549592184,0.9927489324049517,128.8393972570246,0.00022644936429256138
406,0.13315816219339424,0.44979450304164426,0.3379866176312109,0.477275979863764,0.4824635189577045,0.44979413090793047,0.9922430081800981,120.32377156344327,0.0002243252915460891
407,0.13235087106111407,0.46845779333634385,0.35641457464916704,0.4723259390396331,0.5168167541861997,0.46845741299075755,0.9925459298220548,130.77827488292348,0.00022219898171298088
408,0.13069739847861486,0.46951340108147477,0.3613727566334274,0.4669757575506949,0.5199428657450922,0.4695130283522143,0.9929087595506148,125.23429972475225,0.00022007040859965013
409,0.12037830855483296,0.4568069476789578,0.34758814478322214,0.4898215204180895,0.4829526977486694,0.4568065752022549,0.9929901903325861,132.13012530586937,0.0002179395454206905
410,0.13034382226994667,0.4491907295845476,0.33919791127030413,0.4858773423914213,0.47147597554141035,0.4491903626107257,0.9929256439208984,129.45638093081388,0.00021580636477892232
411,0.12635490705055752,0.46168541945162184,0.34941457037205087,0.4652337913154609,0.5132885141340632,0.4616850477390491,0.9923391775651411,136.36537543210116,0.0002136708386445385
412,0.13314616581660577,0.4534841030992322,0.3440752398201633,0.46396608861277855,0.49702291131370147,0.4534837258993713,0.9920837228948419,129.76731499758634,0.00021153293833330034
413,0.1262898371479977,0.451615832950551,0.341783185651665,0.4805823889666478,0.48231766630727346,0.4516154579628937,0.9923186952417548,129.89943140203303,0.0002093926344837281
414,0.12892581239856524,0.4519077963103077,0.34182417294438533,0.4727844149260037,0.48985305390459016,0.45190745185734416,0.9922956986860796,132.88386448946866,0.0002072498970332279
415,0.13439162687837392,0.4455224355599741,0.3327247852630558,0.47774921879377436,0.47740710183386664,0.44552206391993737,0.9926843859932639,135.8219931342385,0.00020510469519309334
416,0.14677992921279764,0.44761457263993737,0.3336562519748489,0.46805895666058744,0.48838354540905377,0.4476142021066849,0.9925627708435059,136.8893722187389,0.00020295699742231397
417,0.12477979783354134,0.45038820900730897,0.34119102022604153,0.4693555824559948,0.48336792527709876,0.45038783130649573,0.9928224303505637,135.1994782144373,0.0002008067714001198
418,0.12559942524323517,0.4615696398059422,0.350599633418092,0.47215389145110687,0.5025116146965585,0.4615692650181095,0.9928001923994585,129.9644738110629,0.0001986539839971847
419,0.1218053270773641,0.45910233829114494,0.3487964144072571,0.451604881692038,0.5122502335643689,0.45910196141773607,0.9924170537428423,131.53652546622536,0.00019649860124540636
420,0.13091106413082146,0.45421326518756283,0.34307688210687715,0.4692033715003369,0.48248572101055787,0.45421287671419747,0.9926365505565297,126.95758620175448,0.00019434058830617405
421,0.13183539292250557,0.473203752894027,0.36126137866188657,0.47519586424531474,0.5215023064689666,0.4732033728876962,0.9925215894525702,128.4281873703003,0.00019217990943702903
422,0.13221149643262228,0.4541932885746088,0.3456772921309931,0.4795071206982051,0.47070100153797617,0.4541929223660539,0.9930396730249579,119.16113896803422,0.00019001652795661513
423,0.1254346920070292,0.4581454352917392,0.3487108973000272,0.4722870732962555,0.4933866044379556,0.4581450624815838,0.9925265528938987,129.66497620669278,0.0001878504062078088
424,0.12443036157851932,0.4560199203890361,0.34618201843060237,0.46090608929489646,0.4955715324518141,0.45601954105829257,0.9925107305700128,123.70357140627775,0.00018568150551890957
425,0.12315999840696652,0.46158337553714657,0.35124065710914576,0.4499549209476043,0.5225819054186807,0.4615830032748771,0.9921868280930952,128.93011856079102,0.00018350978616276273
426,0.12929560770762377,0.45603280077289143,0.3455998273026912,0.46840103702218366,0.5020657694348343,0.4560324217786704,0.992564158006148,134.23565405065364,0.00018133520731367455
427,0.12519553753322568,0.44432321295260535,0.3352084424290789,0.45747446983163775,0.4779605550056617,0.444322838532767,0.9925288937308572,125.51892046494918,0.00017915772700197077
428,0.12757712187266898,0.45102400284898947,0.3416691966317092,0.46100907725392054,0.4908242655283134,0.4510236316446394,0.9926659844138406,129.68687430295077,0.000176977302066035
429,0.12109277521570523,0.44840370934586543,0.33920249202164654,0.4765082399983148,0.47852123033002586,0.44840334271177923,0.9927682659842751,124.39451538432728,0.00017479388810165137
430,0.12381573149870181,0.4586903189005074,0.3503552227231163,0.4839304470868082,0.48656704331410766,0.45868995074532876,0.9928150610490278,125.184476592324,0.00017260743940845976
431,0.136109607957903,0.45972040078172055,0.3518700013207383,0.4683954302863531,0.49762248226273353,0.459720014340605,0.9924635020169345,125.26437074487859,0.00017041790893331673
432,0.12617572478350553,0.4689844291614898,0.3571665888440563,0.47992443703157867,0.514539627481095,0.46898406710148227,0.9926388263702393,126.67625513943759,0.00016822524821033595
433,0.12502665308186378,0.4607841252559618,0.35147153250436125,0.47462921762331683,0.504231103734041,0.4607837515122293,0.9925681244243275,126.78041943636808,0.00016602940729736244
434,0.12037729330617807,0.463556786800815,0.35184661666506634,0.45338475605564726,0.528206349202466,0.46355640918649604,0.992401123046875,127.09897750074214,0.00016383033470861356
435,0.12626561877885084,0.4545682048864474,0.3431841959176904,0.4870983123433602,0.48015718656931977,0.45456782487150343,0.9929831894961271,129.36793544075707,0.0001616279773431937
436,0.13290628910749808,0.45912639385285664,0.34621398099037265,0.47253811066351853,0.504193237718229,0.45912601468585446,0.992472995411266,117.40873458168723,0.00015942228040916463
437,0.12315790667787366,0.45050513209815696,0.3368390083161475,0.4631279591277334,0.493663482802023,0.4505047626577119,0.9921318834478204,117.7656722502275,0.00015721318734282117
438,0.1205636724058924,0.45139475721988104,0.3409829434726586,0.4510363745173512,0.5045028317423492,0.4513943886639476,0.9918431368741122,125.17416615919633,0.0001550006397227912
439,0.13356524414714727,0.4587254502712854,0.3443907871808199,0.4782295791379838,0.5030171652219855,0.458725074750738,0.9924245964397084,117.52850549871272,0.0001527845771785392
440,0.12201223415376126,0.45799128792760924,0.34759162072223554,0.46273481434528974,0.5074514967115431,0.45799089800998,0.9922830625013872,121.09841381419788,0.00015056493729281325
441,0.11859624100656345,0.4454886921034831,0.3333933367218231,0.48206188396834987,0.46869066762961487,0.4454883160441089,0.992595455863259,119.88778807900168,0.00014834165549752873
442,0.11832276727447565,0.4552394379964282,0.3438634407301194,0.482153937721896,0.4862980321219146,0.45523906376394935,0.9925778345628218,120.79732929576527,0.0001461146649625295
443,0.1284431773612554,0.46155643957330633,0.3492838981959517,0.46915857362049046,0.5160146046980324,0.46155607277031424,0.9922264489260587,127.33796683224764,0.00014388389647661083
444,0.1212543882857794,0.45129657371236437,0.34070115066146234,0.47161716845379736,0.493435120671492,0.4512962119824684,0.9925007386641069,127.54687786102295,0.0001416492783201228
445,0.12076038713085241,0.4609726745610395,0.3462269084249216,0.47581013786700593,0.5045009374322325,0.46097230420206503,0.9924740357832476,121.69336162913929,0.00013941073612839947
446,0.12194481158050997,0.45683623075858626,0.34464143355983246,0.4701713468269736,0.5058293096531864,0.45683584806772115,0.9922370693900369,116.46971581198953,0.0001371681927451782
447,0.12844243615694428,0.46272841070396764,0.34905636125243295,0.47911790127930337,0.5004458436849446,0.4627280322629445,0.9924513643438165,123.12452654405074,0.0001349215680650786
448,0.12320309885959516,0.4611735206252273,0.3484413651227074,0.4803530293124449,0.5000141354828181,0.461173152805183,0.9925352226604115,121.90408429232511,0.0001326707788641081
449,0.12078737501782932,0.46020969920988386,0.34750869212953484,0.47874160825793177,0.5006254968529861,0.46020933308396933,0.9925461248918013,133.1013698577881,0.00013041573861703878
450,0.12608845643270974,0.45522379282002207,0.3431402967809661,0.4671655109765251,0.5010684156663502,0.4552234348588538,0.9919645352797075,123.25775762037797,0.00012815635730036785
451,0.11980784564525232,0.4608286423082016,0.3492698163981949,0.48082797313366077,0.49988733697260535,0.46082827880652855,0.9924063899300315,124.78557560660623,0.00012589254117941672
452,0.12225931009341931,0.457726093379889,0.34460313123983416,0.48309257541302064,0.4885462144008877,0.4577257197182211,0.992682391946966,125.16771845384078,0.0001236241925779498
453,0.120312149368826,0.46434074503613587,0.35319971133267464,0.47651482381152904,0.5109048608055632,0.4643403924156165,0.9924072352322665,124.22674681923606,0.00012135120962849047
454,0.1165848670677207,0.4626033655123715,0.3513162326543268,0.48329871254184165,0.5041972445281855,0.462603003188953,0.9925896037708629,118.35502607172185,0.00011907348600128
455,0.12125731049769226,0.46226968472988017,0.3524184768864489,0.4852688954235813,0.5030393581160214,0.4622693248094711,0.9923291639848189,118.74646290865812,0.00011679091060955954
456,0.1238586016684428,0.4632171006387759,0.3541807109374958,0.47667452597439036,0.5109860200435047,0.46321673391781765,0.992054050618952,119.73039197921753,0.00011450336728854525
457,0.12354191636730885,0.4662926851425683,0.35570755877288474,0.4839777570088252,0.5100742931096854,0.4662923106332382,0.9924218004400079,119.75280605662952,0.00011221073444511076
458,0.12184780343681917,0.45834095434849664,0.3470635663260037,0.490431815101315,0.48642385258901566,0.4583405835597366,0.9927082061767578,123.04335273395886,0.00010991288467477625
459,0.11409920145725382,0.45318584638587694,0.34078221200389375,0.4789584701276233,0.48902048333559905,0.45318547185833497,0.9926140308380127,124.94676832719283,0.00010760968434212009
460,0.12068349641116186,0.4572309584431109,0.34734527388991576,0.47702031285843255,0.4958153936377089,0.4572305836800739,0.9925272898240523,124.0275285027244,0.00010530099312016371
461,0.11730985227843811,0.4618460886002532,0.3524721453973783,0.47304745902872886,0.5067926601633892,0.46184572120294387,0.9924961436878551,122.7813233462247,0.00010298666348361787
462,0.12501925080158244,0.4600497702967863,0.3501215635021451,0.4773004880042089,0.5014769124586936,0.4600493919782905,0.992517427964644,129.86918952248314,0.00010066654015009615
463,0.11998145620542011,0.46074372042331757,0.35149498736000445,0.47780335783189826,0.5048619364346079,0.46074335886686824,0.99247746034102,130.98425847833806,9.834045946247941e-05
464,0.11378494979835105,0.45836108689117727,0.34693542854189086,0.48031072644100503,0.501141595861633,0.45836073668177824,0.9924788041548296,133.668851592324,9.600824870451702e-05
465,0.12124469015618851,0.4564494725474896,0.3453197307704162,0.47453687919564336,0.49891241245734985,0.45644910311846926,0.9923619140278209,129.31518598036334,9.366972534044407e-05
466,0.11791650869551747,0.45383747708764144,0.34448478630609,0.47669072779421806,0.48404633003626923,0.45383710837513597,0.9928622896021063,125.30713367462158,9.132469616782773e-05
467,0.12142009018310185,0.45806920345146107,0.34795611811921917,0.4655917855744157,0.504790876691496,0.45806882945324384,0.9924479614604603,126.47221755981445,8.897295637097126e-05
468,0.11491287615278671,0.4573757202416644,0.3478477668915945,0.48026435010379803,0.4928316605256317,0.4573753535410221,0.9927265210585161,124.85569338365035,8.661428845992607e-05
469,0.11947407299417188,0.45678190236187316,0.34573070009700474,0.4785195353859228,0.49518197931096525,0.4567815295252522,0.9927353642203591,126.24827818437056,8.424846107739114e-05
470,0.11706004544407472,0.4547433632958376,0.34516794799055234,0.48311237089271,0.4874533645512491,0.45474299822355274,0.9928197427229448,120.98952276056463,8.18752276523933e-05
471,0.11349539463033621,0.4497026835721496,0.34010013820527313,0.4761533805288728,0.4819589966273229,0.44970231151898066,0.9927436871962114,119.37168225375089,7.949432487547622e-05
472,0.11381071232173634,0.45059175183203776,0.34073967468894034,0.4772245848790339,0.4863047827924303,0.4505913788030721,0.9927271496165883,118.03174946524881,7.710547096497543e-05
473,0.12267796301293647,0.46080938996138054,0.35155747641824614,0.46995473980264274,0.509555196332419,0.4608090147853608,0.992262298410589,124.99859159643,7.470836368753417e-05
474,0.11834249808185401,0.4589403216996864,0.34664871119628643,0.4849331225479412,0.49487211914649626,0.4589399616235381,0.9925869594920765,126.17495354739103,7.23026780879678e-05
475,0.11734020889833055,0.458087316579231,0.347356567934455,0.48211979438286273,0.4970910132566422,0.4580869527789009,0.9923616756092418,125.6874174638228,6.988806387340599e-05
476,0.11655581562683501,0.46148004115658503,0.35068759397872246,0.4762090907086549,0.5112480771981981,0.46147967307758964,0.9922166520898993,125.37732800570402,6.746414238367822e-05
477,0.11868697803082137,0.4602249688858981,0.3496854239829868,0.48509207415028893,0.5018450058954469,0.46022459796899684,0.992542483589866,126.80882852727717,6.503050306324746e-05
478,0.11929643192681773,0.4608810240445422,0.35001731024295774,0.48507481750296777,0.5043686977545432,0.46088066375406334,0.9924725835973566,126.69419826160778,6.258669932838723e-05
479,0.1209786413130404,0.45987386716731216,0.3499826943301848,0.4784851428050757,0.5044368422039993,0.45987350163485224,0.9923628460277211,125.42265337163752,6.01322436949885e-05
480,0.12016297919654298,0.4602376964838555,0.34966972140362196,0.48172084241940455,0.5027575822166207,0.46023732104182985,0.9923130598935214,126.02283070304178,5.7666601994895854e-05
481,0.1256493657998655,0.4638652929774512,0.35412549698352247,0.4854287139711008,0.5041252041024026,0.4638649221638412,0.9925489208915017,123.52935686978427,5.518918645844863e-05
482,0.11806767198374901,0.4633930931295444,0.3527239758052045,0.48104347212233917,0.5059467332057829,0.4633927162901857,0.9924747510389849,119.57438624988903,5.2699347372755836e-05
483,0.11888981537743547,0.46298019169612736,0.3504024636619504,0.47912454307871416,0.5078057925408541,0.462979816434876,0.9923968965357001,125.57493946769021,5.019636293147572e-05
484,0.1224748233183362,0.4659650810437355,0.35267046876940494,0.4832572428422162,0.5095758237665523,0.46596470704332443,0.992582537911155,121.09884149377996,4.767942676090328e-05
485,0.11543231354705219,0.4634328927678544,0.3511293928946348,0.479512352959504,0.5096370390235486,0.4634325216864317,0.9924873872236772,122.31977835568514,4.5147632421134877e-05
486,0.1122856012106627,0.4609943187132202,0.3493922153332418,0.4811562383114188,0.5017471843018236,0.46099395376898133,0.9925699450752952,124.69303113763982,4.259995391188707e-05
487,0.11522667212732907,0.46124851215984886,0.3501658084380546,0.4832371300990983,0.499102860515611,0.4612481357446427,0.9926199913024902,126.41933458501643,4.003522081490459e-05
488,0.10974437803372569,0.4583304125132846,0.34673990909463576,0.4838836258662695,0.4934899479277895,0.4583300347017926,0.9925834699110552,125.75003268501975,3.745208610377897e-05
489,0.11750903395914483,0.4606123573310418,0.3489678925744257,0.4813254645733134,0.49918774570001007,0.4606119958600493,0.9925615787506104,125.72289752960205,3.484898371928687e-05
490,0.11764789312735371,0.46324009857910053,0.35240889928057234,0.47744787629919544,0.511475926726561,0.46323974227376136,0.9923587062142112,126.57525253295898,3.2224071517527e-05
491,0.12452432153553798,0.46046806744040364,0.3498650147621396,0.48056267597399205,0.5016341379124118,0.4604677050375782,0.992505507035689,126.43191216208719,2.9575152732566297e-05
492,0.12043155776872032,0.4600449995130446,0.34916476745678043,0.4835847631820071,0.4966510941909581,0.4600446356715738,0.9926702109250155,125.61300364407626,2.6899564852898082e-05
493,0.11811204211807799,0.4590980814140364,0.3488782483116205,0.4844773592490553,0.4946408820804333,0.45909771810045225,0.9926460656252775,126.34259752793746,2.419401716265777e-05
494,0.11847078436236272,0.4583127782592454,0.3479389618486578,0.4823593972216313,0.4945239201145879,0.4583124053581159,0.9926241311160001,125.41936718333851,2.1454343618097682e-05
495,0.12085756509639752,0.45954023368288327,0.3490723331819965,0.4789778608348131,0.5000449527774807,0.45953986421239906,0.9925217845223167,125.64446483958851,1.86751079733455e-05
496,0.11570043369442568,0.4601944717891413,0.3494076602346755,0.4776724207741912,0.5025587303267747,0.46019409842462766,0.9924828789450906,125.6225187995217,1.5848931924611145e-05
497,0.11769900094161088,0.4598077125321023,0.3495112472449479,0.47993940008588415,0.49977545803837364,0.45980734356945574,0.9924954717809503,125.57266954942183,1.2965252773542109e-05
498,0.1131498063004565,0.45949296055413386,0.3490706425148413,0.481175555377315,0.4977402098180681,0.4594926050103447,0.992538105357777,125.5821550542658,1.0007742567915822e-05
499,0.11535154295892551,0.45938098116378134,0.3490078316436564,0.48011058720853844,0.49863120434722324,0.45938060525817437,0.9925205490805886,125.58163764260031,6.947906928878752e-06
500,0.11312343813907141,0.45892585042581246,0.34848020993144285,0.4805404593784074,0.497257007747393,0.4589254819704653,0.9925337921489369,125.5665996724909,3.7232911332721414e-06
